Rodovia,TipoRodovi,Orientacao,Origem,Municipio,CodRegiona,SedeRegion,KmInicial,KmFinal,Extensao,DescricaoI,DescricaoF,Jurisdicao,Administra,Conservado,TipoPista,Sobreposic,Subposicao,PerimetroU,DataInicio,DataFimCon,EstadualCo,Denominaca,Legislacao,TPUso,TransfMuni,Subtrecho
SP 131,Eixo,Transversal,Estadual,Ilhabela,DR 06,Taubaté,0.0,4.8,4.8,Ilhabela - entroncamento SPA 000/131 (km 0),Perequê (Ferry Boat) - entroncamento SPA 004/131,Estadual,DER,05.04,PAV,,,Nã,,,Nã,s/d,,,,131SPE0869
SP 131,Eixo,Transversal,Estadual,Ilhabela,DR 06,Taubaté,4.8,5.57,0.77,Perequê (Ferry Boat) - entroncamento SPA 004/131,Final trecho CGR. 06,Estadual,DER,05.04,PAV,,,Nã,,,Nã,s/d,,,,131SPE2216
SP 131,Eixo,Transversal,Estadual,Ilhabela,DR 06,Taubaté,5.57,16.59,11.02,Final trecho CGR. 06,Ponta da Cela,Estadual,DER,05.04,PAV,,,Nã,,,Nã,s/d,,,,131SPE1308
SP 131,Eixo,Transversal,Estadual,Ilhabela,DR 06,Taubaté,16.59,24.519,7.929,Ponta da Cela,Borrifos,Estadual,DER,05.04,PAV,,,Nã,,,Nã,s/d,,,,131SPE4991
SP 099,Eixo,Transversal,Estadual,Caraguatatuba,DR 06,Taubaté,64.25,64.9,0.65,Divisa Municipal Paraibuna / Caraguatatuba,Entroncamento SPI 095/099 - Inicio trecho sentido unico,Estadual,Concessionária,Tamoios,DUP,,,Nã,18 04 2015,18 04 2045,Nã,Estrada dos Tamoios,Lei 1.796 de 18/10/78,,,099SPE1962
SP 099,Eixo,Transversal,Estadual,Caraguatatuba,DR 06,Taubaté,64.9,81.1,16.2,Entroncamento SPI 095/099 - Inicio trecho sentido unico,Final do trecho sentido unico,Estadual,Concessionária,Tamoios,DUP,,,Nã,18 04 2015,18 04 2045,Nã,Estrada dos Tamoios,Lei 1.796 de 18/10/78,,,099SPE5155
SP 099,Eixo,Transversal,Estadual,Caraguatatuba,DR 06,Taubaté,81.1,83.4,2.3,Final do trecho sentido unico,Entroncamento SP 055 (km 102),Estadual,Concessionária,Tamoios,PAV,,,Nã,18 04 2015,18 04 2045,Nã,Estrada dos Tamoios,Lei 1.796 de 18/10/78,,,099SPE2410
BR 101,Eixo,Sem Informação,Federal,Ubatuba,DR 06,Taubaté,0.0,48.6,48.6,Divisa de Parati (RJ) com Ubatuba (SP),Entroncamento SP 125 - BR 383 (Planejada),Federal,DNIT,DNIT,PAV,,,Nã,,,Nã,,,,,101BSP6778
BR 101,Eixo,Sem Informação,Federal,Ubatuba,DR 06,Taubaté,48.6,53.6,5.0,Entroncamento SP 125 - BR 383 (Planejada),Praia Grande - Ubatuba - entroncamento SP 055,Federal,DNIT,DNIT,PAV,,,Nã,,,Nã,,,,,101BSP9413
SP 125,Eixo,Transversal,Estadual,Ubatuba,DR 06,Taubaté,78.95,94.5,15.55,Divisa Municipal São Luíz do Paraitinga / Ubatuba,Entroncamento BR 101 (km 48),Estadual,DER,06.02,PAV,,,Nã,,,Sim,Oswaldo Cruz,Lei 972 de 19/04/76,,,125SPE1663
SP 150,Eixo,Radial,Estadual,São Paulo,DR 10,São Paulo,9.7,13.18,3.48,São Paulo Perímetro Urbano (B),Divisa Municipal São Paulo / São Bernardo do Campo,Estadual,Concessionária,Ecovias,DUP,,,Nã,29 05 1998,29 03 2034,Sim,"Anchieta, Via","Men. Dec. 10.418 , 11/08/39",,,150SPE6390
SP 055,Eixo,Transversal,Estadual,Cubatão,DR 05,Cubatão,259.5,268.045,8.545,Divisa Municipal Santos / Cubatão,Entroncamento SP 148 (km 48),Estadual,Concessionária,Ecovias,DUP,,,Nã,29 05 1998,29 03 2034,Sim,Cônego Domênico Rangoni,Lei 7.855 de 18/05/92,,,055SPE8785
SP 055,Eixo,Transversal,Estadual,Cubatão,DR 05,Cubatão,268.045,270.7,2.655,Entroncamento SP 148 (km 48),Entroncamento SP 150 (km 55),Estadual,Concessionária,Ecovias,DUP,,,Nã,29 05 1998,29 03 2034,Sim,Cônego Domênico Rangoni,Lei 7.855 de 18/05/92,,,055SPE8333
SP 055,Eixo,Transversal,Estadual,Cubatão,DR 05,Cubatão,270.7,274.3,3.6,Entroncamento SP 150 (km 55),Entroncamento SP 160 (km 58),Estadual,Concessionária,Ecovias,DUP,,,Nã,29 05 1998,29 03 2034,Sim,Cônego Domênico Rangoni,Lei 7.855 de 18/05/92,,,055SPE7663
SP 055,Eixo,Transversal,Estadual,Cubatão,DR 05,Cubatão,274.3,275.7,1.4,Entroncamento SP 160 (km 58),Divisa Municipal Cubatão / São Vicente,Estadual,Concessionária,Ecovias,DUP,,,Nã,29 05 1998,29 03 2034,Sim,"Padre Manoel da Nobrega, Via",Dec. 52.258 de 05/08/69,,,055SPE9211
SP 150,Eixo,Radial,Estadual,Cubatão,DR 05,Cubatão,42.87,54.77,11.9,Divisa Municipal São Bernardo do Campo / Cubatão,Entroncamento SP 055 (km 270),Estadual,Concessionária,Ecovias,DUP,,,Nã,29 05 1998,29 03 2034,Sim,"Anchieta, Via","Men. Dec. 10.418 , 11/08/39",,,150SPE3764
SP 150,Eixo,Radial,Estadual,Cubatão,DR 05,Cubatão,54.77,58.95,4.18,Entroncamento SP 055 (km 270),Entroncamento SPI 059/150 (km 1),Estadual,Concessionária,Ecovias,DUP,,,Nã,29 05 1998,29 03 2034,Sim,"Anchieta, Via","Men. Dec. 10.418 , 11/08/39",,,150SPE7071
SP 150,Eixo,Radial,Estadual,Cubatão,DR 05,Cubatão,58.95,61.7,2.75,Entroncamento SPI 059/150 (km 1),Divisa Municipal Cubatão / Santos,Estadual,Concessionária,Ecovias,DUP,,,Nã,29 05 1998,29 03 2034,Sim,"Anchieta, Via","Men. Dec. 10.418 , 11/08/39",,,150SPE8061
SP 148,Eixo,Radial,Estadual,Cubatão,DR 05,Cubatão,42.8,50.7,7.9,Divisa Municipal São Bernardo do Campo /Cubatão,Cubatão (Perimetro Urbano) (A),Estadual,Prefeitura,Sec. da Fazenda,PAV,,,Nã,03 09 2020,03 09 2052,Nã,Caminho do Mar,,,,148SPE7014
SP 148,Eixo,Radial,Estadual,Cubatão,DR 05,Cubatão,50.7,51.5,0.8,Cubatão (Perimetro Urbano) (A),Entroncamento SP 055 (km 268),Estadual,DER,05.04,DUP,,,Nã,,,Nã,Caminho do Mar,,,,148SPE9618
SP 148,Eixo,Radial,Estadual,Cubatão,DR 05,Cubatão,51.5,56.8,5.3,Entroncamento SP 055 (km 268),Cubatão Perimetro Urbano (B),Estadual,DER,05.04,DUP,,,Nã,,,Nã,Caminho do Mar,,,,148SPE1588
SP 148,Eixo,Radial,Estadual,Cubatão,DR 05,Cubatão,56.8,59.0,2.2,Cubatão Perimetro Urbano (B),Divisa Municipal Cubatão/Santos,Estadual,DER,05.04,PAV,,,Nã,,,Nã,Caminho do Mar,,,,148SPE7994
SP 061,Eixo,Transversal,Estadual,Guarujá,DR 05,Cubatão,0.0,4.5,4.5,Guarujá Perímetro Urbano (B),Final do trecho municipal - Inicio de Trecho Estadual,Estadual,DER,05.04,PAV,,,Nã,,,Nã,Ariovaldo de Almeida Viana,Lei 7.244 de 10/05/91,,,061SPE7907
SP 061,Eixo,Transversal,Estadual,Guarujá,DR 05,Cubatão,4.5,21.8,17.3,Final do trecho municipal - Inicio de Trecho Estadual,Ferry Boat (para Bertioga),Estadual,DER,05.04,PAV,,,Nã,,,Nã,Ariovaldo de Almeida Viana,Lei 7.244 de 10/05/91,,,061SPE6955
SP 055,Eixo,Transversal,Estadual,Santos,DR 05,Cubatão,248.1,259.5,11.4,Entroncamento SPA 248/055,Divisa Municipal Santos / Cubatão,Estadual,Concessionária,Ecovias,DUP,,,Nã,29 05 1998,29 03 2034,Nã,s/d,,,,055SPE2400
SP 150,Eixo,Radial,Estadual,Santos,DR 05,Cubatão,61.7,65.6,3.9,Divisa Municipal Cubatão / Santos,Santos Perímetro Urbano (A),Estadual,Concessionária,Ecovias,DUP,,,Nã,29 05 1998,29 03 2034,Sim,"Anchieta, Via","Men. Dec. 10.418 , 11/08/39",,,150SPE5912
SP 148,Eixo,Radial,Estadual,Santos,DR 05,Cubatão,59.0,63.1,4.1,Divisa Municipal Cubatão/Santos,Santos - Perímetro Urbano (A),Estadual,Concessionária,Ecovias,PAV,,,Nã,29 05 1998,29 03 2033,Nã,Caminho do Mar,,,,148SPE4581
SP 148,Eixo,Radial,Estadual,Santos,DR 05,Cubatão,63.1,64.53,1.43,Santos - Perímetro Urbano (A),Santos - Perímetro Urbano (B) - Cemitério,Estadual,DER,05.04,PAV,,,Nã,,,Nã,Caminho do Mar,,,,148SPE8039
SP 055,Eixo,Transversal,Estadual,São Vicente,DR 05,Cubatão,275.7,286.72,11.02,Divisa Municipal Cubatão / São Vicente,Divisa Municipal São Vicente / Praia Grande,Estadual,Concessionária,Ecovias,DUP,,,Nã,29 05 1998,29 03 2034,Sim,"Padre Manoel da Nobrega, Via",Dec. 52.258 de 05/08/69,,,055SPE0854
SP 098,Eixo,Radial,Estadual,Bertioga,DR 05,Cubatão,82.4,98.1,15.7,Divisa Municipal Biritiba Mirim / Bertioga,Entroncamento SP 055 (km 214),Estadual,Concessionária,Novo Litoral,PAV,,,Nã,03 10 2024,03 10 2054,Nã,Dom Paulo Rolim Loureiro,Lei 2.990 de 16/09/81,,,098SPE2328
SP 066,Eixo,Radial,Estadual,Itaquaquecetuba,DR 10,São Paulo,29.6,30.7,1.1,Divisa Municipal São Paulo / Itaquaquecetuba,"Entroncamento SP 056 (km 30,7)",Estadual,Prefeitura,Prefeitura,DUP,,,Nã,,,Nã,João Afonso de Souza Castellano,Lei 3.561 de 20/10/82,TPU 007/1998,,066SPE3413
SP 066,Eixo,Radial,Estadual,Itaquaquecetuba,DR 10,São Paulo,30.7,34.0,3.3,"Entroncamento SP 056 (km 30,7)",Divisa Municipal Itaquaquecetuba / Poá,Estadual,Prefeitura,Prefeitura,DUP,,,Nã,,,Nã,João Afonso de Souza Castellano,Lei 3.561 de 20/10/82,TPU 007/1998,,066SPE0315
SP 066,Eixo,Radial,Estadual,Guararema,DR 10,São Paulo,68.7,69.5,0.8,Divisa Municipal Mogi das Cruzes / Guararema,Acesso ao distrito Luís Carlos / Entroncamento SPA 069/066,Estadual,DER,10.04,PAV,,,Nã,,,Nã,Henrique Eroles,Lei 5.557 de 26/01/87,,,066SPE6291
SP 066,Eixo,Radial,Estadual,Guararema,DR 10,São Paulo,69.5,73.7,4.2,Acesso ao distrito Luís Carlos / Entroncamento SPA 069/066,Acesso Guararema,Estadual,DER,10.04,PAV,,,Nã,,,Nã,Henrique Eroles,Lei 5.557 de 26/01/87,,,066SPE1517
SP 066,Eixo,Radial,Estadual,Guararema,DR 10,São Paulo,73.7,81.0,7.3,Acesso Guararema,Entroncamento SPI 172 / 060 (para Dutra),Estadual,DER,10.04,PAV,,,Nã,,,Nã,Henrique Eroles,Lei 5.557 de 26/01/87,,,066SPE9868
SP 066,Eixo,Radial,Estadual,Guararema,DR 10,São Paulo,81.0,81.54,0.54,Entroncamento SPI 172 / 060 (para Dutra),Divisa Municipal Guararema / Jacareí,Estadual,DER,10.04,PAV,,,Nã,,,Nã,Henrique Eroles,Lei 5.557 de 26/01/87,,,066SPE2996
SP 098,Eixo,Radial,Estadual,Biritiba Mirim,DR 10,São Paulo,75.0,82.4,7.4,Divisa Municipal Mogi das Cruzes / Biritiba Mirim,Divisa Municipal Biritiba Mirim / Bertioga,Estadual,Concessionária,Novo Litoral,PAV,,,Nã,03 10 2024,03 10 2054,Nã,Dom Paulo Rolim Loureiro,Lei 2.990 de 16/09/81,,,098SPE5684
SP 088,Eixo,Radial,Estadual,Biritiba Mirim,DR 10,São Paulo,67.4,72.1,4.7,Divisa Municipal Mogi das Cruzes / Biritiba Mirim,Acesso Biritiba Mirim,Estadual,DER,10.04,PAV,,,Nã,,,Nã,Professor Alfredo Rolim de Moura,Lei 3.216 de 05/01/1982 (Alt. P Lei 9.368 de 3/9/96),,,088SPE9292
SP 088,Eixo,Radial,Estadual,Biritiba Mirim,DR 10,São Paulo,72.1,75.8,3.7,Acesso Biritiba Mirim,Entroncamento SP 092 (km 75),Estadual,DER,10.04,PAV,,,Nã,,,Nã,Professor Alfredo Rolim de Moura,Lei 3.216 de 05/01/1982 (Alt. P Lei 9.368 de 3/9/96),,,088SPE4939
SP 088,Eixo,Radial,Estadual,Biritiba Mirim,DR 10,São Paulo,75.8,81.7,5.9,Entroncamento SP 092 (km 75),Divisa Municipal Biritiba Mirim / Salesópolis,Estadual,DER,10.04,PAV,,,Nã,,,Nã,Professor Alfredo Rolim de Moura,Lei 3.216 de 05/01/1982 (Alt. P Lei 9.368 de 3/9/96),,,088SPE8023
SP 092,Eixo,Radial,Estadual,Biritiba Mirim,DR 10,São Paulo,75.6,95.36,19.76,Entroncamento SP 088 (km 75) (Biritiba Mirim),Bairro Casa Grande,Estadual,DER,10.04,IMP,,,Nã,,,Nã,s/d,,,,092SPE9641
SP 066,Eixo,Radial,Estadual,Suzano,DR 10,São Paulo,36.2,36.4,0.2,Divisa Municipal Poá / Suzano,Entroncamento SP 021,Estadual,Prefeitura,Prefeitura,DUP,,,Nã,,,Nã,João Afonso de Souza Castellano,Lei 3.561 de 20/10/82,TPU 001/2001,,066SPE5829
SP 066,Eixo,Radial,Estadual,Suzano,DR 10,São Paulo,36.4,37.0,0.6,Entroncamento SP 021,Suzano Perímetro Urbano (A),Estadual,Prefeitura,Prefeitura,DUP,,,Nã,,,Nã,João Afonso de Souza Castellano,Lei 3.561 de 20/10/82,TPU 001/2001,,066SPE4722
SP 066,Eixo,Radial,Estadual,Suzano,DR 10,São Paulo,37.0,41.0,4.0,Suzano Perímetro Urbano (A),Suzano Perímetro Urbano (B),Estadual,Prefeitura,Prefeitura,DUP,,,Nã,,,Nã,João Afonso de Souza Castellano,Lei 3.561 de 20/10/82,TPU 001/2001,,066SPE6620
SP 066,Eixo,Radial,Estadual,Suzano,DR 10,São Paulo,41.0,42.9,1.9,Suzano Perímetro Urbano (B),Divisa Municipal Suzano / Mogi das Cruzes,Estadual,Prefeitura,Prefeitura,DUP,,,Nã,,,Nã,Henrique Eroles,Lei 5.557 de 26/01/87,TPU 001/2001,,066SPE6651
SP 043,Eixo,Transversal,Estadual,Suzano,DR 10,São Paulo,56.5,65.5,9.0,Divisa Municipal Ribeirão Pires / Suzano,Divisa Municipal Suzano / Moji das Cruzes,Estadual,DER,10.04,IMP,,,Nã,,,Nã,s/d,,,,043SPE5098
SP 088,Eixo,Radial,Estadual,Salesópolis,DR 10,São Paulo,81.7,94.0,12.3,Divisa Municipal Biritiba Mirim / Salesópolis,Salesópolis Perímetro Urbano (A),Estadual,DER,10.04,PAV,,,Nã,,,Nã,Professor Alfredo Rolim de Moura,Lei 3.216 de 05/01/1982 (Alt. P Lei 9.368 de 3/9/96),,,088SPE6222
SP 088,Eixo,Radial,Estadual,Salesópolis,DR 10,São Paulo,94.0,97.5,3.5,Salesópolis Perímetro Urbano (A),Salesópolis Perímetro Urbano (B),Municipal,Prefeitura,Prefeitura,PAV,,,Nã,,,Nã,Professor Alfredo Rolim de Moura,Lei 3.216 de 05/01/1982 (Alt. P Lei 9.368 de 3/9/96),,,088SPE2426
SP 088,Eixo,Radial,Estadual,Salesópolis,DR 10,São Paulo,97.5,106.7,9.2,Salesópolis Perímetro Urbano (B),Divisa Municipal Salesópolis / Paraibuna,Estadual,DER,10.04,PAV,,,Nã,,,Nã,Professor Alfredo Rolim de Moura,Lei 3.216 de 05/01/1982 (Alt. P Lei 9.368 de 3/9/96),,,088SPE1994
SP 088,Eixo,Radial,Estadual,Mogi das Cruzes,DR 10,São Paulo,37.9,39.45,1.55,Divisa Municipal Arujá / Mogi das Cruzes,Incio do Dispositivo SPD 045/070,Estadual,Concessionária,Novo Litoral,DUP,,,Nã,01 11 2024,01 11 2054,Nã,Pedro Eroles,Lei 9.368 de 03/09/1996 (Esta Lei Alterou A Lei 3.216 de 05/01/1982),,,088SPE4901
SP 088,Eixo,Radial,Estadual,Mogi das Cruzes,DR 10,São Paulo,39.45,39.9,0.45,Incio do Dispositivo SPD 045/070,Entroncamento SP 070 (km 45),Estadual,Concessionária,Ecopistas,DUP,,,Nã,18 06 2009,31 05 2039,Nã,Pedro Eroles,Lei 9.368 de 03/09/1996 (Esta Lei Alterou A Lei 3.216 de 05/01/1982),,,088SPE3433
SP 088,Eixo,Radial,Estadual,Mogi das Cruzes,DR 10,São Paulo,39.9,40.5,0.6,Entroncamento SP 070 (km 45),Final do Dispositivo SPD 045/070,Estadual,Concessionária,Ecopistas,DUP,,,Nã,18 06 2009,31 05 2039,Nã,Pedro Eroles,Lei 9.368 de 03/09/1996 (Esta Lei Alterou A Lei 3.216 de 05/01/1982),,,088SPE6972
SP 088,Eixo,Radial,Estadual,Mogi das Cruzes,DR 10,São Paulo,40.5,43.0,2.5,Final do Dispositivo SPD 045/070,Acesso Municipal a Suzano,Estadual,Concessionária,Novo Litoral,DUP,,,Nã,01 11 2024,01 11 2054,Nã,Pedro Eroles,Lei 9.368 de 03/09/1996 (Esta Lei Alterou A Lei 3.216 de 05/01/1982),,,088SPE3890
SP 088,Eixo,Radial,Estadual,Mogi das Cruzes,DR 10,São Paulo,43.0,49.5,6.5,Acesso Municipal a Suzano,Acesso SP 066 / Mogi das Cruzes Perímetro Urbano (A),Estadual,Concessionária,Novo Litoral,DUP,,,Nã,01 11 2024,01 11 2054,Nã,Pedro Eroles,Lei 9.368 de 03/09/1996 (Esta Lei Alterou A Lei 3.216 de 05/01/1982),,,088SPE6893
SP 088,Eixo,Radial,Estadual,Mogi das Cruzes,DR 10,São Paulo,49.5,52.1,2.6,Acesso SP 066 / Mogi das Cruzes Perímetro Urbano (A),Entroncamento SP 066 (km 53),Municipal,Prefeitura,Prefeitura,PAV,,,Nã,,,Nã,,,,,088SPE0556
SP 088,Eixo,Radial,Estadual,Mogi das Cruzes,DR 10,São Paulo,52.1,57.4,5.3,Entroncamento SP 066 (km 53),Mogi das Cruzes Perímetro Urbano (B),Municipal,Prefeitura,Prefeitura,PAV,,,Nã,,,Nã,,,,LEI 3757/91,088SPE4193
SP 088,Eixo,Radial,Estadual,Mogi das Cruzes,DR 10,São Paulo,57.4,67.4,10.0,Mogi das Cruzes Perímetro Urbano (B),Divisa Municipal Mogi das Cruzes / Biritiba Mirim,Estadual,DER,10.04,PAV,,,Nã,,,Nã,Professor Alfredo Rolim de Moura,Lei 3.216 de 05/01/1982 (Alt. P Lei 9.368 de 3/9/96),,,088SPE2437
SP 098,Eixo,Radial,Estadual,Mogi das Cruzes,DR 10,São Paulo,53.0,56.65,3.65,Entroncamento SP 066 / Mogi das Cruzes Perímetro Urbano (A),Mogi das Cruzes Perímetro Urbano (B),Estadual,Prefeitura,Prefeitura,PAV,,,Nã,,,Nã,Dom Paulo Rolim Loureiro,Lei 2.990 de 16/09/81,TPU nº 003/2001,,098SPE0202
SP 098,Eixo,Radial,Estadual,Mogi das Cruzes,DR 10,São Paulo,56.65,62.9,6.25,Mogi das Cruzes Perímetro Urbano (B),Entroncamento SP 102 (km 62),Estadual,Concessionária,Novo Litoral,PAV,,,Nã,03 10 2024,03 10 2054,Nã,Dom Paulo Rolim Loureiro,Lei 2.990 de 16/09/81,,,098SPE0411
SP 098,Eixo,Radial,Estadual,Mogi das Cruzes,DR 10,São Paulo,62.9,75.0,12.1,Entroncamento SP 102 (km 62),Divisa Municipal Mogi das Cruzes / Biritiba Mirim,Estadual,Concessionária,Novo Litoral,PAV,,,Nã,03 10 2024,03 10 2054,Nã,Dom Paulo Rolim Loureiro,Lei 2.990 de 16/09/81,,,098SPE6252
SP 102,Eixo,Radial,Estadual,Mogi das Cruzes,DR 10,São Paulo,62.9,78.45,15.55,Entroncamento SP 098 (km 63),Distrito Taiaçupeba,Estadual,DER,10.04,PAV,,,Nã,,,Nã,Prefeito Francisco Ribeiro Nogueira,Lei 9.272 de 19/12/95,,,102SPE5500
SP 102,Eixo,Radial,Estadual,Mogi das Cruzes,DR 10,São Paulo,78.45,81.15,2.7,Distrito Taiaçupeba,Mogi das Cruzes Perímetro Urbano (B) / Entroncamento SP 043 (km 81),Estadual,DER,10.04,PAV,,,Nã,,,Nã,Prefeito Francisco Ribeiro Nogueira,Lei 9.272 de 19/12/95,,,102SPE6384
SP 102,Eixo,Radial,Estadual,Mogi das Cruzes,DR 10,São Paulo,81.15,86.0,4.85,Mogi das Cruzes Perímetro Urbano (B)  / Entroncamento SP 043 (km 81),Divisa Municipal Mogi das Cruzes / Bertioga,Estadual,DER,10.04,IMP,,,Nã,,,Nã,Prefeito Francisco Ribeiro Nogueira,Lei 9.272 de 19/12/95,,,102SPE6383
SP 039,Eixo,Transversal,Estadual,Mogi das Cruzes,DR 10,São Paulo,45.4,62.1,16.7,"Entroncamento SP 066 (km 45,4) (Jundiapeba) Perímetro Urbano (B)",Entroncamento SP 043 (km 76) (Taiaçupeba),Estadual,DER,10.04,PAV,,,Nã,,,Nã,Engenheiro Cândido do Rego Chaves,Lei 6.917 de 26/06/90,,,039SPE7678
SP 043,Eixo,Transversal,Estadual,Mogi das Cruzes,DR 10,São Paulo,65.5,72.0,6.5,Divisa Municipal Suzano / Moji das Cruzes,Quatinga Perímetro Urbano (A),Estadual,DER,10.04,IMP,,,Nã,,,Nã,s/d,,,,043SPE9337
SP 043,Eixo,Transversal,Estadual,Mogi das Cruzes,DR 10,São Paulo,72.0,73.5,1.5,Quatinga Perímetro Urbano (A),Quatinga Perímetro Urbano (B),Estadual,DER,10.04,IMP,,,Sim,,,Nã,s/d,,,,043SPE4482
SP 043,Eixo,Transversal,Estadual,Mogi das Cruzes,DR 10,São Paulo,73.5,76.3,2.8,Quatinga Perímetro Urbano (B),Entroncamento SP 039 (km 62),Estadual,DER,10.04,IMP,,,Nã,,,Nã,s/d,,,,043SPE2637
SP 043,Eixo,Transversal,Estadual,Mogi das Cruzes,DR 10,São Paulo,76.3,81.15,4.85,Entroncamento SP 039 (km 62),Entroncamento SP 102 (km 81) (Taiaçupeba),Estadual,DER,10.04,IMP,,,Nã,,,Nã,s/d,,,,043SPE8620
SP 066,Eixo,Radial,Estadual,Mogi das Cruzes,DR 10,São Paulo,42.9,45.4,2.5,Divisa Municipal Suzano / Mogi das Cruzes,"Entroncamento SP 039 (km 45,4)",Estadual,Prefeitura,Prefeitura,DUP,,,Nã,,,Nã,Henrique Eroles,Lei 5.557 de 26/01/87,TPU 001/2000,,066SPE8761
SP 066,Eixo,Radial,Estadual,Mogi das Cruzes,DR 10,São Paulo,45.4,52.8,7.4,"Entroncamento SP 039 (km 45,4)",Entroncamento SP 098 (km 53) / Mogi das Cruzes Perímetro Urbano (A),Estadual,Prefeitura,Prefeitura,DUP,,,Nã,,,Nã,Henrique Eroles,Lei 5.557 de 26/01/87,TPU 001/2000,,066SPE7622
SP 066,Eixo,Radial,Estadual,Mogi das Cruzes,DR 10,São Paulo,52.8,53.0,0.2,Entroncamento SP 098 (km 53) / Mogi das Cruzes Perímetro Urbano (A),"Entroncamento SP 088 (km 52,1)",Estadual,Prefeitura,Prefeitura,DUP,,,Nã,,,Nã,Henrique Eroles,Lei 5.557 de 26/01/87,TPU 001/2000,,066SPE3781
SP 066,Eixo,Radial,Estadual,Mogi das Cruzes,DR 10,São Paulo,53.0,57.0,4.0,"Entroncamento SP 088 (km 52,1)",Mogi das Cruzes Perímetro Urbano (B),Estadual,Prefeitura,Prefeitura,PAV,,,Nã,,,Nã,Henrique Eroles,Lei 5.557 de 26/01/87,TPU 001/2000,,066SPE4175
SP 066,Eixo,Radial,Estadual,Mogi das Cruzes,DR 10,São Paulo,57.0,60.9,3.9,Mogi das Cruzes Perímetro Urbano (B),Fim Trecho Municipal,Estadual,Prefeitura,Prefeitura,PAV,,,Nã,,,Nã,Henrique Eroles,Lei 5.557 de 26/01/87,TPU 001/2000,,066SPE0341
SP 066,Eixo,Radial,Estadual,Mogi das Cruzes,DR 10,São Paulo,60.9,66.0,5.1,Fim Trecho Municipal,Acesso Sabaúna,Estadual,DER,10.04,PAV,,,Nã,,,Nã,Henrique Eroles,Lei 5.557 de 26/01/87,,,066SPE8737
SP 066,Eixo,Radial,Estadual,Mogi das Cruzes,DR 10,São Paulo,66.0,68.7,2.7,Acesso Sabaúna,Divisa Municipal Mogi das Cruzes / Guararema,Estadual,DER,10.04,PAV,,,Nã,,,Nã,Henrique Eroles,Lei 5.557 de 26/01/87,,,066SPE5274
SP 066,Eixo,Radial,Estadual,Poá,DR 10,São Paulo,34.0,36.2,2.2,Divisa Municipal Itaquaquecetuba / Poá,Divisa Municipal Poá / Suzano,Estadual,Prefeitura,Prefeitura,DUP,,,Nã,,,Nã,João Afonso de Souza Castellano,Lei 3.561 de 20/10/82,TPUso 001/1999,,066SPE9390
SP 088,Eixo,Radial,Estadual,Arujá,DR 10,São Paulo,32.0,33.3,1.3,Entroncamento SP 056 (km 43) / Acesso SP 060 (km 203) (Arujá),Inicio do Trecho Duplicado,Estadual,Concessionária,Novo Litoral,PAV,,,Nã,01 11 2024,01 11 2054,Nã,Pedro Eroles,Lei 9.368 de 03/09/1996 (Esta Lei Alterou A Lei 3.216 de 05/01/1982),,,088SPE6683
SP 088,Eixo,Radial,Estadual,Arujá,DR 10,São Paulo,33.3,37.9,4.6,Inicio do Trecho Duplicado,Divisa Municipal Arujá / Mogi das Cruzes,Estadual,Concessionária,Novo Litoral,DUP,,,Nã,01 11 2024,01 11 2054,Nã,Pedro Eroles,Lei 9.368 de 03/09/1996 (Esta Lei Alterou A Lei 3.216 de 05/01/1982),,,088SPE6664
SP 055,Eixo,Transversal,Estadual,Praia Grande,DR 05,Cubatão,286.72,291.0,4.28,Divisa Municipal São Vicente / Praia Grande,Entroncamento SPA 291/055 (para Praia Grande),Estadual,Concessionária,Ecovias,DUP,,,Nã,29 05 1998,29 03 2034,Sim,"Padre Manoel da Nobrega, Via",Dec. 52.258 de 05/08/69,,,055SPE1543
SP 055,Eixo,Transversal,Estadual,Praia Grande,DR 05,Cubatão,291.0,292.2,1.2,Entroncamento SPA 291/055 (para Praia Grande),Final Trecho Ecovias,Estadual,Concessionária,Ecovias,DUP,,,Nã,29 05 1998,29 03 2034,Sim,"Padre Manoel da Nobrega, Via",Dec. 52.258 de 05/08/69,,,055SPE5627
SP 055,Eixo,Transversal,Estadual,Praia Grande,DR 05,Cubatão,292.2,302.77,10.57,Final Trecho Ecovias,Divisa Municipal Praia Grande / Mongaguá,Estadual,Concessionária,Novo Litoral,DUP,,,Nã,01 11 2024,01 11 2054,Sim,"Padre Manoel da Nobrega, Via",Dec. 52.258 de 05/08/69,,,055SPE4843
SP 055,Eixo,Transversal,Estadual,Itanhaém,DR 05,Cubatão,315.07,323.69,8.62,Divisa Municipal Mongaguá / Itanhaém,Acesso Itanhaém,Estadual,Concessionária,Novo Litoral,DUP,,,Nã,01 11 2024,01 11 2054,Sim,"Padre Manoel da Nobrega, Via",Dec. 52.258 de 05/08/69,,,055SPE0887
SP 055,Eixo,Transversal,Estadual,Itanhaém,DR 05,Cubatão,323.69,338.57,14.88,Acesso Itanhaém,Divisa Municipal Itanhaém / Peruibe,Estadual,Concessionária,Novo Litoral,DUP,,,Nã,01 11 2024,01 11 2054,Sim,"Padre Manoel da Nobrega, Via",Dec. 52.258 de 05/08/69,,,055SPE6240
SP 055,Eixo,Transversal,Estadual,Mongaguá,DR 05,Cubatão,302.77,304.16,1.39,Divisa Municipal Praia Grande / Mongaguá,Acesso Mongaguá,Estadual,Concessionária,Novo Litoral,DUP,,,Nã,01 11 2024,01 11 2054,Sim,"Padre Manoel da Nobrega, Via",Dec. 52.258 de 05/08/69,,,055SPE0508
SP 055,Eixo,Transversal,Estadual,Mongaguá,DR 05,Cubatão,304.16,315.07,10.91,Acesso Mongaguá,Divisa Municipal Mongaguá / Itanhaém,Estadual,Concessionária,Novo Litoral,DUP,,,Nã,01 11 2024,01 11 2054,Sim,"Padre Manoel da Nobrega, Via",Dec. 52.258 de 05/08/69,,,055SPE2514
SP 055,Eixo,Transversal,Estadual,Peruíbe,DR 05,Cubatão,338.57,344.0,5.43,Divisa Municipal Itanhaém / Peruibe,Acesso Peruibe - Entroncamento SPA 344/055 (A),Estadual,Concessionária,Novo Litoral,DUP,,,Nã,01 11 2024,01 11 2054,Sim,"Padre Manoel da Nobrega, Via",Dec. 52.258 de 05/08/69,,,055SPE6019
SP 055,Eixo,Transversal,Estadual,Peruíbe,DR 05,Cubatão,344.0,345.05,1.05,Acesso Peruibe - Entroncamento SPA 344/055 (A),Fim do trecho pista dupla,Estadual,Concessionária,Novo Litoral,DUP,,,Nã,01 11 2024,01 11 2054,Nã,"Padre Manoel da Nobrega, Via",Dec. 52.258 de 05/08/69,,,055SPE5878
SP 055,Eixo,Transversal,Estadual,Peruíbe,DR 05,Cubatão,345.05,351.58,6.53,Fim do trecho pista dupla,Divisa Municipal Peruibe / Itariri,Estadual,Concessionária,Novo Litoral,PAV,,,Nã,01 11 2024,01 11 2054,Nã,"Padre Manoel da Nobrega, Via",Dec. 52.258 de 05/08/69,,,055SPE2433
SP 055,Eixo,Transversal,Estadual,Pedro de Toledo,DR 05,Cubatão,369.87,373.57,3.7,Divisa Municipal Itariri / Pedro de Toledo,Acesso Pedro de Toledo,Estadual,Concessionária,Novo Litoral,PAV,,,Nã,01 11 2024,01 11 2054,Nã,"Padre Manoel da Nobrega, Via",Dec. 52.258 de 05/08/69,,,055SPE5997
SP 055,Eixo,Transversal,Estadual,Pedro de Toledo,DR 05,Cubatão,373.57,380.05,6.48,Acesso Pedro de Toledo,Divisa Municipal Pedro de Toledo / Miracatu,Estadual,Concessionária,Novo Litoral,PAV,,,Nã,01 11 2024,01 11 2054,Nã,"Padre Manoel da Nobrega, Via",Dec. 52.258 de 05/08/69,,,055SPE1291
SP 055,Eixo,Transversal,Estadual,Itariri,DR 05,Cubatão,351.58,359.09,7.51,Divisa Municipal Peruibe / Itariri,Acesso Peruibe - Entrocamento SPA 344/055 (B),Estadual,Concessionária,Novo Litoral,PAV,,,Nã,01 11 2024,01 11 2054,Nã,"Padre Manoel da Nobrega, Via",Dec. 52.258 de 05/08/69,,,055SPE1213
SP 055,Eixo,Transversal,Estadual,Itariri,DR 05,Cubatão,359.09,366.14,7.05,Acesso Peruibe - Entrocamento SPA 344/055 (B),Acesso Itariri (I),Estadual,Concessionária,Novo Litoral,PAV,,,Nã,01 11 2024,01 11 2054,Nã,"Padre Manoel da Nobrega, Via",Dec. 52.258 de 05/08/69,,,055SPE9357
SP 055,Eixo,Transversal,Estadual,Itariri,DR 05,Cubatão,366.14,369.11,2.97,Acesso Itariri (I),Acesso Itariri (II),Estadual,Concessionária,Novo Litoral,PAV,,,Nã,01 11 2024,01 11 2054,Nã,"Padre Manoel da Nobrega, Via",Dec. 52.258 de 05/08/69,,,055SPE4760
SP 055,Eixo,Transversal,Estadual,Itariri,DR 05,Cubatão,369.11,369.87,0.76,Acesso Itariri (II),Divisa Municipal Itariri / Pedro de Toledo,Estadual,Concessionária,Novo Litoral,PAV,,,Nã,01 11 2024,01 11 2054,Nã,"Padre Manoel da Nobrega, Via",Dec. 52.258 de 05/08/69,,,055SPE7584
SP 043,Eixo,Transversal,Estadual,Ribeirão Pires,DR 10,São Paulo,53.8,56.5,2.7,Entroncamento SP 031 (km 53) (Iupeba),Divisa Municipal Ribeirão Pires / Suzano,Estadual,DER,10.04,IMP,,,Nã,,,Nã,Estrada Vereadora Mercedes D'Orto,Dec Lei 15.843 de 01/07/2015,,,043SPE8248
SP 150,Eixo,Radial,Estadual,São Bernardo do Campo,DR 10,São Paulo,13.18,18.4,5.22,Divisa Municipal São Paulo / São Bernardo do Campo,Acesso SP 180,Estadual,Concessionária,Ecovias,DUP,,,Nã,29 05 1998,29 03 2034,Sim,"Anchieta, Via","Men. Dec. 10.418 , 11/08/39",,,150SPE3668
SP 150,Eixo,Radial,Estadual,São Bernardo do Campo,DR 10,São Paulo,18.4,29.42,11.02,Acesso SP 180,Entroncamento SP 148 (km 29),Estadual,Concessionária,Ecovias,DUP,,,Nã,29 05 1998,29 03 2034,Sim,"Anchieta, Via","Men. Dec. 10.418 , 11/08/39",,,150SPE8034
SP 150,Eixo,Radial,Estadual,São Bernardo do Campo,DR 10,São Paulo,29.42,40.02,10.6,Entroncamento SP 148 (km 29),Entroncamento SPI 040/150,Estadual,Concessionária,Ecovias,DUP,,,Nã,29 05 1998,29 03 2034,Sim,"Anchieta, Via","Men. Dec. 10.418 , 11/08/39",,,150SPE4005
SP 150,Eixo,Radial,Estadual,São Bernardo do Campo,DR 10,São Paulo,40.02,42.87,2.85,Entroncamento SPI 040/150,Divisa Municipal São Bernardo do Campo / Cubatão,Estadual,Concessionária,Ecovias,DUP,,,Nã,29 05 1998,29 03 2034,Sim,"Anchieta, Via","Men. Dec. 10.418 , 11/08/39",,,150SPE1279
SP 148,Eixo,Radial,Estadual,São Bernardo do Campo,DR 10,São Paulo,29.422,33.1,3.678,Entroncamento SP 150 (km 29) (Riacho Grande),Entroncamento SP 031 (km 33),Estadual,DER,10.01,PAV,,,Nã,,,Nã,Caminho do Mar,Lei nº 2.360 de 04 janeiro de 1.929,,,148SPE5783
SP 148,Eixo,Radial,Estadual,São Bernardo do Campo,DR 10,São Paulo,33.1,38.1,5.0,Entroncamento SP 031 (km 33),Inicio trecho sob adminitração da Sec. da Fazenda,Estadual,DER,10.01,PAV,,,Nã,,,Nã,Caminho do Mar,Lei nº 2.360 de 04 janeiro de 1.929,,,148SPE6267
SP 148,Eixo,Radial,Estadual,São Bernardo do Campo,DR 10,São Paulo,38.1,42.8,4.7,Inicio trecho sob adminitração da Sec. da Fazenda,Divisa Municipal São Bernardo do Campo /Cubatão,Estadual,Prefeitura,Sec. da Fazenda,PAV,,,Nã,03 09 2020,03 09 2052,Nã,Caminho do Mar,Lei nº 2.360 de 04 janeiro de 1.929,,,148SPE5304
SP 066,Eixo,Radial,Estadual,São José dos Campos,DR 06,Taubaté,103.1,108.6,5.5,Divisa municipal Jacareí/São José dos Campos,Entroncamento BR 116 (km 154.5) (SP 060),Estadual,Prefeitura,Prefeitura,PAV,,,Nã,,,Nã,Geraldo Scavone,Lei 6.845 de 26/04/90,,,066SPE2557
SP 099,Eixo,Transversal,Estadual,São José dos Campos,DR 06,Taubaté,0.0,4.5,4.5,Entroncamento BR 116 (km 151) (São José Dos Campos Perímetro Urbano (A)),São José dos Campos Perímetro Urbano (B),Estadual,Prefeitura,Prefeitura,DUP,,,Nã,,,Nã,Estrada dos Tamoios,Lei 1.796 de 18/10/78,,,099SPE7154
SP 099,Eixo,Transversal,Estadual,São José dos Campos,DR 06,Taubaté,4.5,9.3,4.8,São José dos Campos Perímetro Urbano (B),Fim trecho denominado Octavio Fria de Oliveira,Estadual,Concessionária,Ecopistas,DUP,,,Nã,18 06 2009,31 05 2039,Nã,Octavio Fria de Oliveira,Decreto nº 54.652 de 06/08/2009,,,099SPE0695
SP 099,Eixo,Transversal,Estadual,São José dos Campos,DR 06,Taubaté,9.3,10.0,0.7,Fim trecho denominado Octavio Fria de Oliveira,Entroncamento SP 070 (km 96),Estadual,Concessionária,Ecopistas,DUP,,,Nã,18 06 2009,31 05 2039,Nã,Estrada dos Tamoios,Lei 1.796 de 18/10/1978,,,099SPE4920
SP 099,Eixo,Transversal,Estadual,São José dos Campos,DR 06,Taubaté,10.0,11.5,1.5,Entroncamento SP 070 (km 96),Final Trecho Concedido,Estadual,Concessionária,Ecopistas,DUP,,,Nã,18 06 2009,31 05 2039,Nã,Estrada dos Tamoios,Lei 1.796 de 18/10/1978,,,099SPE8678
SP 099,Eixo,Transversal,Estadual,São José dos Campos,DR 06,Taubaté,11.5,12.93,1.43,Final Trecho Concedido,Divisa Municipal São José dos Campos / Jacareí,Estadual,Concessionária,Tamoios,DUP,,,Nã,18 04 2015,18 04 2045,Nã,Estrada dos Tamoios,Lei 1.796 de 18/10/78,,,099SPE8815
SP 099,Eixo,Transversal,Estadual,Paraibuna,DR 06,Taubaté,26.0,32.55,6.55,Divisa Municipal Jambeiro / Paraibuna,Acesso Paraibuna - SPA 032/099,Estadual,Concessionária,Tamoios,DUP,,,Nã,18 04 2015,18 04 2045,Nã,Estrada dos Tamoios,Lei 1.796 de 18/10/78,,,099SPE5529
SP 099,Eixo,Transversal,Estadual,Paraibuna,DR 06,Taubaté,32.55,33.995,1.445,Acesso Paraibuna - SPA 032/099,Acesso Paraibuna - SPA 033/099,Estadual,Concessionária,Tamoios,DUP,,,Nã,18 04 2015,18 04 2045,Nã,Estrada dos Tamoios,Lei 1.796 de 18/10/78,,,099SPE3756
SP 099,Eixo,Transversal,Estadual,Paraibuna,DR 06,Taubaté,33.995,35.29,1.295,Acesso Paraibuna - SPA 033/099,Entroncamento SPA 035/099,Estadual,Concessionária,Tamoios,DUP,,,Nã,18 04 2015,18 04 2045,Nã,Estrada dos Tamoios,Lei 1.796 de 18/10/78,,,099SPE0904
SP 099,Eixo,Transversal,Estadual,Paraibuna,DR 06,Taubaté,35.29,37.9,2.61,Entroncamento SPA 035/099,Entroncamento SPA 037 / 099 (km Zero),Estadual,Concessionária,Tamoios,DUP,,,Nã,18 04 2015,18 04 2045,Nã,Estrada dos Tamoios,Lei 1.796 de 18/10/78,,,099SPE8363
SP 099,Eixo,Transversal,Estadual,Paraibuna,DR 06,Taubaté,37.9,55.3,17.4,Entroncamento SPA 037 / 099 (km Zero),Entroncamento SP 088 (km 135),Estadual,Concessionária,Tamoios,DUP,,,Nã,18 04 2015,18 04 2045,Nã,Estrada dos Tamoios,Lei 1.796 de 18/10/78,,,099SPE0775
SP 099,Eixo,Transversal,Estadual,Paraibuna,DR 06,Taubaté,55.3,60.721,5.421,Entroncamento SP 088 (km 135),Inicio do trecho Duplicado,Estadual,Concessionária,Tamoios,DUP,,,Nã,18 04 2015,18 04 2045,Nã,Estrada dos Tamoios,Lei 1.796 de 18/10/78,,,099SPE0099
SP 099,Eixo,Transversal,Estadual,Paraibuna,DR 06,Taubaté,60.721,64.25,3.529,Inicio do trecho Duplicado,Divisa Municipal Paraibuna / Caraguatatuba,Estadual,Concessionária,Tamoios,DUP,,,Nã,18 04 2015,18 04 2045,Nã,Estrada dos Tamoios,Lei 1.796 de 18/10/78,,,099SPE6850
SP 088,Eixo,Radial,Estadual,Paraibuna,DR 06,Taubaté,106.7,135.75,29.05,Divisa Municipal Salesópolis / Paraibuna,Entroncamento SP 099 km 55,Estadual,DER,10.04,PAV,,,Nã,,,Nã,Professor Alfredo Rolim de Moura,Lei 3.216 de 05/01/1982 (Alt. P Lei 9.368 de 3/9/96),,,088SPE8980
SP 099,Eixo,Transversal,Estadual,Jambeiro,DR 06,Taubaté,14.4,23.47,9.07,Divisa Municipal Jacareí / Jambeiro,Entroncamento SP 103 (km 32),Estadual,Concessionária,Tamoios,DUP,,,Nã,18 04 2015,18 04 2045,Nã,Estrada dos Tamoios,Lei 1.796 de 18/10/78,,,099SPE1259
SP 099,Eixo,Transversal,Estadual,Jambeiro,DR 06,Taubaté,23.47,26.0,2.53,Entroncamento SP 103 (km 32),Divisa Municipal Jambeiro / Paraibuna,Estadual,Concessionária,Tamoios,DUP,,,Nã,18 04 2015,18 04 2045,Nã,Estrada dos Tamoios,Lei 1.796 de 18/10/78,,,099SPE7493
SP 066,Eixo,Radial,Estadual,Jacareí,DR 06,Taubaté,81.54,90.8,9.26,Divisa Municipal Guararema / Jacareí,Acesso Jacareí Perímetro Urbano (A),Estadual,DER,10.04,PAV,,,Nã,,,Nã,Henrique Eroles,Lei 5.557 de 26/01/87,,,066SPE1405
SP 066,Eixo,Radial,Estadual,Jacareí,DR 06,Taubaté,90.8,92.0,1.2,Acesso Jacareí Perímetro Urbano (A),Acesso Jacareí Perímetro Urbano (B),Estadual,DER,10.04,PAV,,,Nã,,,Nã,General Euryale de Jesus Zerbine,Lei 3.826 de 19/09/83,,,066SPE2109
SP 066,Eixo,Radial,Estadual,Jacareí,DR 06,Taubaté,92.0,96.3,4.3,Acesso Jacareí Perímetro Urbano (B),Jacareí Perímetro Urbano (B),Estadual,DER,10.04,PAV,,,Nã,,,Nã,General Euryale de Jesus Zerbine,Lei 3.826 de 19/09/83,,,066SPE7419
SP 066,Eixo,Radial,Estadual,Jacareí,DR 06,Taubaté,96.3,97.3,1.0,Jacareí Perímetro Urbano (B),Inicío do trecho pista Dupla,Estadual,DER,10.04,PAV,,,Nã,,,Nã,Geraldo Scavone,Lei 6.845 de 26/04/90,,,066SPE1805
SP 066,Eixo,Radial,Estadual,Jacareí,DR 06,Taubaté,97.3,99.6,2.3,Inicío do trecho pista Dupla,Jacareí Perímetro Urbano (B) / Fim do trecho pista dupla,Estadual,DER,10.04,DUP,,,Nã,,,Nã,Geraldo Scavone,Lei 6.845 de 26/04/90,,,066SPE6079
SP 066,Eixo,Radial,Estadual,Jacareí,DR 06,Taubaté,99.6,103.1,3.5,Jacareí Perímetro Urbano (B) / Fim do trecho pista dupla,Divisa municipal Jacareí/São José dos Campos,Estadual,DER,10.04,PAV,,,Nã,,,Nã,Geraldo Scavone,Lei 6.845 de 26/04/90,,,066SPE9476
SP 099,Eixo,Transversal,Estadual,Jacareí,DR 06,Taubaté,12.93,14.4,1.47,Divisa Municipal São José dos Campos / Jacareí,Divisa Municipal Jacareí / Jambeiro,Estadual,Concessionária,Tamoios,DUP,,,Nã,18 04 2015,18 04 2045,Nã,Estrada dos Tamoios,Lei 1.796 de 18/10/78,,,099SPE2750
SP 125,Eixo,Transversal,Estadual,Taubaté,DR 06,Taubaté,0.0,4.0,4.0,Entroncamento BR 116 (km 112) (Taubaté),Entroncamento SPA 003/125,Estadual,Prefeitura,Prefeitura,PAV,,,Nã,,,Sim,Oswaldo Cruz,Lei 972 de 19/04/76,,,125SPE2505
SP 125,Eixo,Transversal,Estadual,Taubaté,DR 06,Taubaté,4.0,5.75,1.75,Entroncamento SPA 003/125,"Entroncamento SP 070 (km 134,580)",Estadual,Prefeitura,Prefeitura,PAV,,,Nã,,,Sim,Oswaldo Cruz,Lei 972 de 19/04/76,,,125SPE5752
SP 125,Eixo,Transversal,Estadual,Taubaté,DR 06,Taubaté,5.75,14.208,8.458,"Entroncamento SP 070 (km 134,580)",Entroncamento SPA 014/125,Estadual,DER,06.02,PAV,,,Nã,,,Sim,Oswaldo Cruz,Lei 972 de 19/04/76,,,125SPE6515
SP 125,Eixo,Transversal,Estadual,Taubaté,DR 06,Taubaté,14.208,21.1,6.892,Entroncamento SPA 014/125,Entroncamento SP 121 (km Zero),Estadual,DER,06.02,PAV,,,Nã,,,Sim,Oswaldo Cruz,Lei 972 de 19/04/76,,,125SPE0059
SP 125,Eixo,Transversal,Estadual,Taubaté,DR 06,Taubaté,21.1,26.3,5.2,Entroncamento SP 121 (km Zero),Divisa Municipal Taubaté / Redenção da Serra,Estadual,DER,06.02,PAV,,,Nã,,,Sim,Oswaldo Cruz,Lei 972 de 19/04/76,,,125SPE3801
SP 125,Eixo,Transversal,Estadual,Natividade da Serra,DR 06,Taubaté,54.23,66.34,12.11,Divisa Municipal São Luíz Paraitinga / Natividade da Serra,Divisa Municipal Natividade da Serra / São Luíz Paraitinga,Estadual,DER,06.02,PAV,,,Nã,,,Sim,Oswaldo Cruz,Lei 972 de 19/04/76,,,125SPE3300
SP 125,Eixo,Transversal,Estadual,São Luís do Paraitinga,DR 06,Taubaté,31.1,39.3,8.2,Divisa Municipal Redenção Serra / São Luíz Paraitinga,Entroncamento SP 153 (km Zero),Estadual,DER,06.02,PAV,,,Nã,,,Sim,Oswaldo Cruz,Lei 972 de 19/04/76,,,125SPE8302
SP 125,Eixo,Transversal,Estadual,São Luís do Paraitinga,DR 06,Taubaté,39.3,41.89,2.59,Entroncamento SP 153 (km Zero),Acesso São Luíz do Paraitinga (I) - SPA 042/125,Estadual,DER,06.02,PAV,,,Nã,,,Sim,Oswaldo Cruz,Lei 972 de 19/04/76,,,125SPE8951
SP 125,Eixo,Transversal,Estadual,São Luís do Paraitinga,DR 06,Taubaté,41.89,43.7,1.81,Acesso São Luíz do Paraitinga (I) - SPA 042/125,Acesso São Luiz do Paraitinga (II) - SPA 043/125,Estadual,DER,06.02,PAV,,,Nã,,,Sim,Oswaldo Cruz,Lei 972 de 19/04/76,,,125SPE4675
SP 125,Eixo,Transversal,Estadual,São Luís do Paraitinga,DR 06,Taubaté,43.7,46.0,2.3,Acesso São Luiz do Paraitinga (II) - SPA 043/125,Entroncamento SPA 046/125 (km Zero) (para Catuçaba),Estadual,DER,06.02,PAV,,,Nã,,,Sim,Oswaldo Cruz,Lei 972 de 19/04/76,,,125SPE1881
SP 125,Eixo,Transversal,Estadual,São Luís do Paraitinga,DR 06,Taubaté,46.0,54.23,8.23,Entroncamento SPA 046/125 (km Zero) (para Catuçaba),Divisa Municipal São Luíz Paraitinga / Natividade da Serra,Estadual,DER,06.02,PAV,,,Nã,,,Sim,Oswaldo Cruz,Lei 972 de 19/04/76,,,125SPE7520
SP 125,Eixo,Transversal,Estadual,São Luís do Paraitinga,DR 06,Taubaté,66.34,77.8,11.46,Divisa Municipal Natividade da Serra / São Luíz Paraitinga,Entroncamento SPA 046/125 (km 34),Estadual,DER,06.02,PAV,,,Nã,,,Sim,Oswaldo Cruz,Lei 972 de 19/04/76,,,125SPE7213
SP 125,Eixo,Transversal,Estadual,São Luís do Paraitinga,DR 06,Taubaté,77.8,78.95,1.15,Entroncamento SPA 046/125 (km 34),Divisa Municipal São Luíz do Paraitinga / Ubatuba,Estadual,DER,06.02,PAV,,,Nã,,,Sim,Oswaldo Cruz,Lei 972 de 19/04/76,,,125SPE3387
SP 125,Eixo,Transversal,Estadual,Redenção da Serra,DR 06,Taubaté,26.3,31.1,4.8,Divisa Municipal Taubaté / Redenção da Serra,Divisa Municipal Redenção Serra / São Luíz Paraitinga,Estadual,DER,06.02,PAV,,,Nã,,,Sim,Oswaldo Cruz,Lei 972 de 19/04/76,,,125SPE8765
SP 055,Eixo,Transversal,Estadual,Miracatu,DR 05,Cubatão,380.05,386.6,6.55,Divisa Municipal Pedro de Toledo / Miracatu,Acesso BR 116,Estadual,Concessionária,Novo Litoral,PAV,,,Nã,01 11 2024,01 11 2054,Nã,"Padre Manoel da Nobrega, Via",Dec. 52.258 de 05/08/69,,,055SPE3733
SP 055,Eixo,Transversal,Estadual,Miracatu,DR 05,Cubatão,386.6,389.8,3.2,Acesso BR 116,Entroncamento BR 116 (km 384),Estadual,Concessionária,Novo Litoral,PAV,,,Nã,01 11 2024,01 11 2054,Nã,"Padre Manoel da Nobrega, Via",Dec. 52.258 de 05/08/69,,,055SPE4780
SP 055,Eixo,Transversal,Estadual,Santos,DR 05,Cubatão,233.4,248.1,14.7,Divisa Municipio Bertioga/Santos,Entroncamento SPA 248/055,Estadual,Concessionária,Novo Litoral,PAV,BR 101,,Nã,01 11 2024,01 11 2054,Nã,s/d,,,,055SPE4338
SP 055,Eixo,Transversal,Estadual,Bertioga,DR 05,Cubatão,191.4,211.4,20.0,Divisa Municipal São Sebastião / Bertioga (DR.05/DR.06),inicio da concessao,Estadual,DER,05.04,PAV,BR 101,,Nã,,,Nã,Doutor Manoel Hyppolito Rego,Lei 4.799 de 25/10/85,,,055SPE3431
SP 055,Eixo,Transversal,Estadual,Bertioga,DR 05,Cubatão,211.4,214.65,3.25,Início da concessão,Entroncamento SP 098 (km 98) (para Mogi das Cruzes),Estadual,Concessionária,Novo Litoral,PAV,BR 101,,Nã,01 11 2024,01 11 2054,Nã,Doutor Manoel Hyppolito Rego,Lei 4.799 de 25/10/85,,,055SPE1511
SP 055,Eixo,Transversal,Estadual,Bertioga,DR 05,Cubatão,214.65,220.45,5.8,Entroncamento SP 098 (km 98) (para Mogi das Cruzes),Trecho Estadual,Estadual,Concessionária,Novo Litoral,PAV,BR 101,,Nã,01 11 2024,01 11 2054,Nã,s/d,,,,055SPE6283
SP 055,Eixo,Transversal,Estadual,Bertioga,DR 05,Cubatão,220.45,233.4,12.95,Trecho Estadual,Divisa Municipio Bertioga/Santos,Estadual,Concessionária,Novo Litoral,PAV,BR 101,,Nã,01 11 2024,01 11 2054,Nã,s/d,,,,055SPE7167
SP 055,Eixo,Transversal,Estadual,Caraguatatuba,DR 06,Taubaté,81.97,87.24,5.27,Divisa Municipal Ubatuba / Caraguatatuba,Entroncamento BR 101 - Contorno Massaguaçu,Estadual,DER,05.04,PAV,BR 101,,Nã,,,Nã,Doutor Manoel Hyppolito Rego,Lei 4.799 de 25/10/85,,,055SPE0266
SP 055,Eixo,Transversal,Estadual,Caraguatatuba,DR 06,Taubaté,87.24,89.1,1.86,Entroncamento BR 101 - Contorno Massaguaçu,Final da BR 101 - entroncamento SP 055,Estadual,DER,05.04,PAV,BR 101,,Nã,,,Nã,Doutor Manoel Hyppolito Rego,Lei 4.799 de 25/10/85,,,055SPE3711
SP 055,Eixo,Transversal,Estadual,Caraguatatuba,DR 06,Taubaté,89.1,99.63,10.53,Final da BR 101 - entroncamento SP 055,Caraguatatuba Perímetro Urbano (A),Estadual,DER,05.04,PAV,BR 101,,Nã,,,Nã,Doutor Manoel Hyppolito Rego,Lei 4.799 de 25/10/85,,,055SPE8406
SP 055,Eixo,Transversal,Estadual,Caraguatatuba,DR 06,Taubaté,99.63,102.3,2.67,Caraguatatuba Perímetro Urbano (A),Caraguatatuba Perímetro Urbano (B) / Entroncamento SP 099 (km 83) Início do trecho Duplicado,Estadual,DER,05.04,PAV,BR 101,,Nã,,,Nã,Doutor Manoel Hyppolito Rego,Lei 4.799 de 25/10/85,,,055SPE9681
SP 055,Eixo,Transversal,Estadual,Caraguatatuba,DR 06,Taubaté,102.3,112.55,10.25,Caraguatatuba Perímetro Urbano (B) / Entroncamento SP 099 (km 83) Início do trecho Duplicado,Divisa Municipal Caraguatatuba / São Sebastião,Estadual,DER,05.04,DUP,BR 101,,Nã,,,Nã,Doutor Manoel Hyppolito Rego,Lei 4.799 de 25/10/85,,,055SPE4299
SP 055,Eixo,Transversal,Estadual,Ubatuba,DR 06,Taubaté,53.6,81.97,28.37,Entroncamento BR 101 (km 53) (Ubatuba),Divisa Municipal Ubatuba / Caraguatatuba,Estadual,DER,05.04,PAV,BR 101,,Nã,,,Nã,Doutor Manoel Hyppolito Rego,Lei 4.799 de 25/10/85,,,055SPE7722
SP 055,Eixo,Transversal,Estadual,São Sebastião,DR 06,Taubaté,112.55,114.5,1.95,Divisa Municipal Caraguatatuba / São Sebastião,Fim do Trecho Duplicado,Estadual,DER,05.04,DUP,BR 101,,Nã,,,Nã,Doutor Manoel Hyppolito Rego,Lei 4.799 de 25/10/85,,,055SPE3919
SP 055,Eixo,Transversal,Estadual,São Sebastião,DR 06,Taubaté,114.5,120.0,5.5,Fim do Trecho Duplicado,São Sebastião Perímetro Urbano (A),Estadual,DER,05.04,PAV,BR 101,,Nã,,,Nã,Doutor Manoel Hyppolito Rego,Lei 4.799 de 25/10/85,,,055SPE4543
SP 055,Eixo,Transversal,Estadual,São Sebastião,DR 06,Taubaté,120.0,130.0,10.0,São Sebastião Perímetro Urbano (A),São Sebastião Perímetro Urbano (B),Estadual,DER,05.04,PAV,BR 101,,Sim,,,Nã,Doutor Manoel Hyppolito Rego,Lei 4.799 de 25/10/85,,,055SPE6135
SP 055,Eixo,Transversal,Estadual,São Sebastião,DR 06,Taubaté,130.0,154.015,24.015,São Sebastião Perímetro Urbano (B),Acesso a Maresias,Estadual,DER,05.04,PAV,BR 101,,Nã,,,Nã,Doutor Manoel Hyppolito Rego,Lei 4.799 de 25/10/85,,,055SPE2091
SP 055,Eixo,Transversal,Estadual,São Sebastião,DR 06,Taubaté,154.015,165.91,11.895,Acesso a Maresias,Praia de Camburi - São Sebastião,Estadual,DER,05.04,PAV,BR 101,,Nã,,,Nã,Doutor Manoel Hyppolito Rego,Lei 4.799 de 25/10/85,,,055SPE2885
SP 055,Eixo,Transversal,Estadual,São Sebastião,DR 06,Taubaté,165.91,174.6,8.69,Praia de Camburi - São Sebastião,Praia Preta - São Sebastião,Estadual,DER,05.04,PAV,BR 101,,Nã,,,Nã,Doutor Manoel Hyppolito Rego,Lei 4.799 de 25/10/85,,,055SPE8937
SP 055,Eixo,Transversal,Estadual,São Sebastião,DR 06,Taubaté,174.6,176.2,1.6,Praia Preta - São Sebastião,Praia do Juquei - São Sebastião,Estadual,DER,05.04,PAV,BR 101,,Nã,,,Nã,Doutor Manoel Hyppolito Rego,Lei 4.799 de 25/10/85,,,055SPE6259
SP 055,Eixo,Transversal,Estadual,São Sebastião,DR 06,Taubaté,176.2,185.9,9.7,Praia do Juquei - São Sebastião,Praia da Juréia - São Sebastião,Estadual,DER,05.04,PAV,BR 101,,Nã,,,Nã,Doutor Manoel Hyppolito Rego,Lei 4.799 de 25/10/85,,,055SPE0018
SP 055,Eixo,Transversal,Estadual,São Sebastião,DR 06,Taubaté,185.9,191.4,5.5,Praia da Juréia - São Sebastião,Divisa Municipal São Sebastião / Bertioga (DR.05/DR.06),Estadual,DER,05.04,PAV,BR 101,,Nã,,,Nã,Doutor Manoel Hyppolito Rego,Lei 4.799 de 25/10/85,,,055SPE0834
